{"products":[{"id":"0.6011240490783942","qty":3}],"totalPrice":59.550000000000004}